<toolSet name="Code Generator">
  <tool name="generic-use-case" description="Generate a generic use case" showInMainMenu="false" showInEditor="false" showInProject="false" showInSearchPopup="false" disabled="false" useConsole="true" showConsoleOnStdOut="true" showConsoleOnStdErr="true" synchronizeAfterRun="true">
    <exec>
      <option name="COMMAND" value="php" />
      <option name="PARAMETERS" value="bin/code-generator code-generator:generic-use-case $Prompt$" />
      <option name="WORKING_DIRECTORY" value="$ProjectFileDir$" />
    </exec>
  </tool>
  <tool name="get-use-case" description="Generate a get use case" showInMainMenu="false" showInEditor="false" showInProject="false" showInSearchPopup="false" disabled="false" useConsole="true" showConsoleOnStdOut="false" showConsoleOnStdErr="false" synchronizeAfterRun="true">
    <exec>
      <option name="COMMAND" value="php" />
      <option name="PARAMETERS" value="bin/code-generator code-generator:get-entity-use-case $FilePath$" />
      <option name="WORKING_DIRECTORY" value="$ProjectFileDir$" />
    </exec>
  </tool>
  <tool name="create-use-case" description="Generate a create use case" showInMainMenu="false" showInEditor="false" showInProject="false" showInSearchPopup="false" disabled="false" useConsole="true" showConsoleOnStdOut="false" showConsoleOnStdErr="false" synchronizeAfterRun="true">
    <exec>
      <option name="COMMAND" value="php" />
      <option name="PARAMETERS" value="bin/code-generator code-generator:create-entity-use-case $FilePath$ $Prompt$" />
      <option name="WORKING_DIRECTORY" value="$ProjectFileDir$" />
    </exec>
  </tool>
  <tool name="edit-use-case" description="Generate an edit use case" showInMainMenu="false" showInEditor="false" showInProject="false" showInSearchPopup="false" disabled="false" useConsole="true" showConsoleOnStdOut="false" showConsoleOnStdErr="false" synchronizeAfterRun="true">
    <exec>
      <option name="COMMAND" value="php" />
      <option name="PARAMETERS" value="bin/code-generator code-generator:edit-entity-use-case $FilePath$ $Prompt$" />
      <option name="WORKING_DIRECTORY" value="$ProjectFileDir$" />
    </exec>
  </tool>
  <tool name="delete-use-case" description="Generate a delete use case" showInMainMenu="false" showInEditor="false" showInProject="false" showInSearchPopup="false" disabled="false" useConsole="true" showConsoleOnStdOut="false" showConsoleOnStdErr="false" synchronizeAfterRun="true">
    <exec>
      <option name="COMMAND" value="php" />
      <option name="PARAMETERS" value="bin/code-generator code-generator:delete-entity-use-case $FilePath$ $Prompt$" />
      <option name="WORKING_DIRECTORY" value="$ProjectFileDir$" />
    </exec>
  </tool>
  <tool name="get-all-use-case" description="Generate a get-all usecase" showInMainMenu="false" showInEditor="false" showInProject="false" showInSearchPopup="false" disabled="false" useConsole="true" showConsoleOnStdOut="false" showConsoleOnStdErr="false" synchronizeAfterRun="true">
    <exec>
      <option name="COMMAND" value="php" />
      <option name="PARAMETERS" value="bin/code-generator code-generator:get-entities-use-case $FilePath$ $Prompt$" />
      <option name="WORKING_DIRECTORY" value="$ProjectFileDir$" />
    </exec>
  </tool>
  <tool name="get-controller" description="Generate a get entity controller" showInMainMenu="false" showInEditor="false" showInProject="false" showInSearchPopup="false" disabled="false" useConsole="true" showConsoleOnStdOut="false" showConsoleOnStdErr="false" synchronizeAfterRun="true">
    <exec>
      <option name="COMMAND" value="php" />
      <option name="PARAMETERS" value="bin/code-generator code-generator:common-controller $FilePath$ get $Prompt$" />
      <option name="WORKING_DIRECTORY" value="$ProjectFileDir$" />
    </exec>
  </tool>
  <tool name="edit-controller" description="Generate an edit entity controller" showInMainMenu="false" showInEditor="false" showInProject="false" showInSearchPopup="false" disabled="false" useConsole="true" showConsoleOnStdOut="false" showConsoleOnStdErr="false" synchronizeAfterRun="true">
    <exec>
      <option name="COMMAND" value="php" />
      <option name="PARAMETERS" value="bin/code-generator code-generator:common-controller $FilePath$ edit $Prompt$" />
      <option name="WORKING_DIRECTORY" value="$ProjectFileDir$" />
    </exec>
  </tool>
  <tool name="post-controller" description="Generate a post entity controller" showInMainMenu="false" showInEditor="false" showInProject="false" showInSearchPopup="false" disabled="false" useConsole="true" showConsoleOnStdOut="false" showConsoleOnStdErr="false" synchronizeAfterRun="true">
    <exec>
      <option name="COMMAND" value="php" />
      <option name="PARAMETERS" value="bin/code-generator code-generator:common-controller $FilePath$ post $Prompt$" />
      <option name="WORKING_DIRECTORY" value="$ProjectFileDir$" />
    </exec>
  </tool>
  <tool name="patch-controller" description="Generate a patch entity controller" showInMainMenu="false" showInEditor="false" showInProject="false" showInSearchPopup="false" disabled="false" useConsole="true" showConsoleOnStdOut="false" showConsoleOnStdErr="false" synchronizeAfterRun="true">
    <exec>
      <option name="COMMAND" value="php" />
      <option name="PARAMETERS" value="bin/code-generator code-generator:common-controller $FilePath$ patch $Prompt$" />
      <option name="WORKING_DIRECTORY" value="$ProjectFileDir$" />
    </exec>
  </tool>
  <tool name="delete-controller" description="Generate a delete entity controller" showInMainMenu="false" showInEditor="false" showInProject="false" showInSearchPopup="false" disabled="false" useConsole="true" showConsoleOnStdOut="false" showConsoleOnStdErr="false" synchronizeAfterRun="true">
    <exec>
      <option name="COMMAND" value="php" />
      <option name="PARAMETERS" value="bin/code-generator code-generator:common-controller $FilePath$ delete $Prompt$" />
      <option name="WORKING_DIRECTORY" value="$ProjectFileDir$" />
    </exec>
  </tool>
  <tool name="view-models" description="Generate view models" showInMainMenu="false" showInEditor="false" showInProject="false" showInSearchPopup="false" disabled="false" useConsole="true" showConsoleOnStdOut="false" showConsoleOnStdErr="false" synchronizeAfterRun="true">
    <exec>
      <option name="COMMAND" value="php" />
      <option name="PARAMETERS" value="bin/code-generator code-generator:view-models $FilePath$ $Prompt$" />
      <option name="WORKING_DIRECTORY" value="$ProjectFileDir$" />
    </exec>
  </tool>
</toolSet>
